Id;Title;Url;Graduation;Salary;Description
1;Ausbildung Fachinformatiker/in für digitale Vernetzung (m/w/d) bei nobilia-Werke J. Stickling GmbH & Co. KG in Verl;https://www.ausbildung.de/stellen/ausbildung-fachinformatiker-in-fuer-digitale-vernetzung-m-w-d-bei-nobilia-werke-j-stickling-gmbh-co-kg-in-verl-ba64b5dd-332a-4344-92ef-868451c61f42/;Fachabitur;-;Ausbildung Fachinformatiker (m/w/d) Digitale VernetzungWir freuen uns, dass Sie sich für eine Ausbildung in unserem Hause interessieren. Während Ihrer Ausbildung werden Sie gezielt auf das spätere Arbeitsleben vorbereitet. Die Übernahme nach der Ausbildung steht bei uns im Vordergrund. Neben dem beruflichen sowie schulischen Ausbildungsrahmenprogramm versuchen wir unsere Auszubildenden stetig weiterzuentwickeln und den Teamgedanken zu fördern. Eine Teamentwicklungsfahrt zu Beginn der Ausbildung, verschiedene Projektarbeiten und das praktische Sammeln von Erfahrungen in unserer hochautomatisierten sowie modernen Fertigung runden unser Ausbildungsangebot ab. Mit unterschiedlichsten Vorzügen eines Familienunternehmens versuchen wir Sie schnellstmöglich motivierend in den Berufsalltag zu integrieren und langfristig als überzeugte nobilianer zu gewinnen.Sie starten Ihre 3-jährige Ausbildung zum Fachinformatiker (m/w/d) Digitale Vernetzung am 01.08.2024. Mit dieser Ausbildung legen Sie den besten Grundstein für Ihr künftiges Berufsleben als IT-Allrounder. Grundvoraussetzung für diese Ausbildung ist der gute Abschluss einer Höheren Handelsschule, eines Wirtschafts- oder allgemeinen Gymnasiums oder der Realschule. Sehr gutes Zahlenverständnis, praktisches Geschick, gutes Englisch - gepaart mit einer Affinität zur IT - runden Ihr Profil ab.Mit dieser Ausbildung lernen Sie die Informationstechnik in allen Bereichen unseres Unternehmens kennen. Einer Ihrer vielseitigen Aufgabengebiete ist Vernetzung und Optimierung von Systemen und Anwendungen, die Arbeit an den Schnittstellen solcher Systeme. Der Austausch über Netzwerkkomponenten und den physischen Systeme jedweder Art. Sie lernen Systemausfälle zu verhindern oder diese auch bei Bedarf zu beheben oder aber auch der Schutz der Daten vor unerlaubten Zugriff gehört zu den aufgben. Wir bilden Sie zu einem IT-Allrounder aus, der unsere Mitarbeiter mit Schulungen und viel Unterstützung in sämtlichen EDV-Fragen beraten kann. Um Ihnen eine realistische und effiziente Vorbereitung auf das Berufsleben zu bieten, gilt bei uns auch hier das Prinzip „learning by doing“, bei dem Sie von Anfang an in unsere Abläufe integriert werden.Der theoretische Teil Ihrer Ausbildung erfolgt im Teilzeitmodell am Carl-Severing-Berufskolleg in Bielefeld. Somit genießen Sie eine lehrreiche, spannende und insbesondere abwechslungsreiche Zeit im Hause nobilia.Interessiert?Dann freuen wir uns auf die Zusendung Ihrer aussagekräftigen Bewerbung inklusive der letzten drei Schulzeugnisse gern direkt über unser Online-Formular:www.nobilia.de Hier gibt es (eigentlich) was Cooles zu sehen! Das hier ist ein Platzhalter für Video-Content von YouTube. Neugierig? Dann schalte die Inhalte jetzt frei. Ja, ich erlaube die externen Inhalte von YouTube. Ich bin damit einverstanden, dass mir die externen Inhalte angezeigt werden. Personenbezogene Daten können an Drittplattformen übermittelt werden. Mehr Infos gibt es in der Datenschutzerklärung.
2;Ausbildung zum Fachinformatiker für digitale Vernetzung (w/m/d) (Start 2024) bei Bechtle AG in Bielefeld;https://www.ausbildung.de/stellen/ausbildung-zum-fachinformatiker-fuer-digitale-vernetzung-w-m-d-start-2024-bei-bechtle-ag-in-bielefeld-6fffddcb-2c14-40f7-9d59-b7348e603222/;Mittlere Reife;-;Das erwartet Dich im Bechtle IT-Systemhaus Bielefeld: In der zentralen Wirtschaftsregion Ostwestfalen-Lippe gelegen, bieten wir unserem Team von rund 200 Kolleginnen und Kollegen, Geschäftspartnern und potenziellen Kunden Lösungen für jegliche Herausforderung rund um die Informationstechnologie. Wir arbeiten als Team in flachen Hierarchien und lassen aus Ideen Realität werden. Zudem sind wir sicher, dass Erfolge größer sind, wenn man Spaß an der Arbeit hat. Erlebe Teamwork, Networking und Spaß an der Arbeit bei uns. Hier bewegst du etwas: Deine Ausbildung startet am 01. August 2024 Mittelpunkt deiner Ausbildung? Du legst IT-Strukturen an und sorgst dafür, dass wichtige Schnittstellen im Unternehmen vernetzt werden. Unerlaubte Zugriffe? Durch deine Arbeit sollte das kein Thema mehr sein, denn du kümmerst dich um die Sicherstellung von Daten. Du findest, es gibt immer etwas zu verbessern? Perfekt, denn bei uns kümmerst du dich um die stetige Optimierung unserer Netzwerke und Anwendungen. Den schulischen Teil deiner Ausbildung absolvierst du im Blockunterricht an der Berufsschule in BIB in Paderborn. Damit punktest du: Du hast eine abgeschlossene Fachhochschulreife, eine gute mittlere Reife oder stehst kurz vor deinem Abschluss. Du hast bereits erste Erfahrungen mit Hard- und Software gesammelt, sei es privat oder durch ein Praktikum? Ein großer Pluspunkt. Du möchtest ein wichtiger Ansprechpartner sein, wenn es darum geht, Menschen bei IT-Problem zu helfen? Dann ist dein Weg bei uns für dich geebnet. Du hast eine offene Art und arbeitest selbstständig? Genau diesen Mix suchen wir. Du hast Spaß an IT und digitalen Innovationen? Perfekt. Wir bieten mehr für dich: Deine Vergütung? Überdurchschnittlich und attraktiv! Je nach Ausbildungsjahr bis zu 1.350 Euro im Monat. Networking: Nutze unsere Einführungsveranstaltung, das Azubi Camp oder viele weitere Events, um dich mit anderen Azubis auszutauschen. Wir bieten dir Perspektiven: Deine Übernahmechancen stehen nach erfolgreichem Abschluss sehr gut. Deine Entwicklung ist uns wichtig: Durch unseren Bechtle Learning Campus bieten wir dir ein umfangreiches Angebot in fachlicher und persönlicher Weiterentwicklung. Dein Workplace: Moderne technische Ausstattung inklusive eigenem Laptop.
3;Ausbildung zum Fachinformatiker (m/w/d) für Digitale Vernetzung (2024) bei ifm-Unternehmensgruppe in Siegen;https://www.ausbildung.de/stellen/ausbildung-zum-fachinformatiker-m-w-d-fuer-digitale-vernetzung-2024-bei-ifm-unternehmensgruppe-in-siegen-169b2b7d-a494-4d12-9ddb-0461d299bc5e/;Mittlere Reife;-;Ausbildung zum Fachinformatiker (m/w/d) für Digitale Vernetzung (2024) Das bringst Du mit: Eine mittlere Reife oder allgemeine Hochschul-/Fachhochschulreife Ein gutes technisches Verständnis und IT Affinität Interesse an verschiedenen Betriebssystemen, Cloudtechnologien und komplexen Softwareentwicklungs-prozessen Eine Persönlichkeit, welche sich durch Teamfähigkeit, Zuverlässigkeit, Humor und Neugier kennzeichnet Ein sicheres Ausdrucksvermögen in Wort und Schrift sowohl in deutscher als auch englischer Sprache Das lernst Du bei uns: Als Fachinformatiker für digitale Vernetzung arbeitest Du als Schnittstelle zwischen IT und Produktion. Dabei bekommst Du von uns die nötige Unterstützung, um Deine Ausbildung erfolgreich und mit Spaß durchzuziehen und zusammen mit einem einzigartigen Team zur Erfolgsgeschichte von ifm beizutragen. Bei uns lernst Du, wie moderne Anlagen in der Produktion per Computer gesteuert, wie Fehler bemerkt und behoben werden Du wirkst bei der Analyse komplexer Systeme mit und erlernst, wie Prozesse automatisiert werden Du hilfst uns, Maschinen, Aggregate und Sensoren mit modernen Techniken in die IT zu integrieren Deine Beteiligung am Design, der Installation und der Instandhaltung von Softwarelösungen ist uns wichtig Durch den Durchlauf unserer Bereiche Technik, IT, Entwicklung und Digital Transformation wirst Du Dich durch abwechslungsreiche Aufgaben laufend weiterentwickeln Das bieten wir Dir darüber hinaus: Berufliche Entwicklung bei ifm bedeutet für Dich: begleitet und unterstützt von unseren Ausbildenden übernimmst Du bereits frühzeitig Verantwortung für eigene Projekte Du bist in unsere Unternehmensprozesse integriert und wächst so ganz selbstverständlich in neue Aufgaben und Anforderungen hinein Du arbeitest in einem ansprechenden und interessanten Arbeitsumfeld, indem Du schnell produktiv mitarbeiten darfst und wo eigene Ideen willkommen sind Ein adäquates Ausbildungsentgelt, 30 Tage Urlaub plus zusätzlich frei zwischen Weihnachten und Neujahr, eine Kantine und ein Fitnessstudio direkt im Standort sowie Weiterbildungsmöglichkeiten über den Berufsschulunterricht hinaus
4;Ausbildung Fachinformatiker/in für digitale Vernetzung (m/w/d) bei Pan Dacom Direkt GmbH in Dreieich;https://www.ausbildung.de/stellen/ausbildung-fachinformatiker-in-fuer-digitale-vernetzung-m-w-d-bei-pan-dacom-direkt-gmbh-in-dreieich-2f56badf-5827-4f14-bc52-4ae3bd7eaacf/;Fachabitur;-;Was macht ein/e Fachinformatiker/in für Digitale Vernetzung?Ein/e Fachinformatiker/in für digitale Vernetzung ist zuständig für die Vernetzung und Optimierung von Systemen, sowie auch für Anwendungen auf IT-Ebene.In IT-Branchen und nahezu allen wirtschaftlichen Unternehmen sind Fachinformatiker/innen tätig. Über uns:Als international agierendes IT-Systemhaus und technologisch führender Hersteller mit eigener Hard- und Softwareentwicklung in Deutschland verfügt die Pan Dacom Gruppe über ein langjähriges IT-Know-how, um komplexe Netzwerke zu planen und zu realisieren. Hervorragender Service, technologische Innovationen, langfristige Partnerschaft mit unseren Kunden und Mitarbeitern sind für unser Unternehmen von strategischer Bedeutung.Starte im Sommer 2024 in unserem digitalen Unternehmen deine Ausbildung und bewirb dich jetzt.Deine Vorteile: Zusätzlich zum Gehalt einen leistungsabhängigen Azubi Bonus, damit du auch finanziell durchstarten kannst Von Beginn an steht dir ein fester Azubi-Pate zur Seite, damit du dich schnell bei der Pan Dacom einfindest Wir arbeiten mit digitalen und effizienten Ausbildungsprozessen, damit wir Zeit sparen und uns mit dir auf das Wichtigste konzentrieren können: Deine Entwicklung Dich betreuen geschulte und nette Ausbildungsbeauftragte in allen Abteilungen Du arbeitest mit einer moderne Arbeitsplatzausstattung und effizienten Tools Wir führen regelmäßige Feedbackgespräche, damit du dein volles Potenzial entfalten kannst Schon zum Ausbildungsstart bekommst du abwechslungsreiche Azubi-Team-Projekte (z.B. zu Social Media, Nachhaltigkeit), welche dich fordern und fördern Sicherer Arbeitsplatz in einer wachsenden IT-Branche Hohe Übernahmemöglichkeit nach erfolgreicher Ausbildung Sehr gute Verdienst-, Aufstiegs- und Weiterbildungsmöglichkeiten Nähere Eindrücke bekommst du unter der Rubrik: Ausbildung (pandacom.de) Wie läuft die Ausbildung ab? 3-tägige Einführungsphase zu Beginn der Ausbildung Ausbildungszeit 3 Jahre, bei guten Leistungen ist eine Verkürzung möglich Berufsschulunterricht im 1. Lehrjahr an der August-Bebel Berufsschule in Offenbach, danach an der Gewerblichen Schulen des Lahn-Dill-Kreises Ausbildung in allen wichtigen Unternehmensbereichen, z.B. Business Applications, IT-Support, Projektmanagement, IMS, Entwicklung, sowie Service-Technik wie LAN/WLAN, Security, u.a. Begleitende Schulungen, spannende Projekte, Zertifizierung zum Cisco CCNA und aktive Unterstützung bei der Prüfungsvorbereitung Was solltest du mitbringen? Erfolgreich erworbene (Fach-)Hochschulreife Gute Noten in Englisch und den naturwissenschaftlichen Fächern, Teilnahme am Fach Informatik wünschenswert Gute PC-Kenntnisse und technisches Verständnis Selbstständigkeit, Eigeninitiative und Spaß an Teamarbeit
5;Ausbildung Fachinformatiker/in für digitale Vernetzung (m/w/d) bei Vulkan Kupplungs- und Getriebebau Bernhard Hackforth GmbH & Co. KG in Herne;https://www.ausbildung.de/stellen/ausbildung-fachinformatiker-in-fuer-digitale-vernetzung-m-w-d-bei-vulkan-kupplungs-und-getriebebau-bernhard-hackforth-gmbh-co-kg-in-herne-0a51df82-101d-476f-a64b-1e7e70ac032b/;Mittlere Reife;-;Als Fachinformatiker:in der Fachrichtung Digitale Vernetzung arbeitest du an der digitalen Verbindung von Maschinen, Anlagen, Produkten, Logistik und Menschen mit, damit diese miteinander kommunizieren und optimal zusammenarbeiten können. In deiner 3-jährigen Ausbildung übernimmst du von Anfang an Verantwortung. Du lernst alle Facetten der digitalen Vernetzung kennen, insbesondere: die digitale Verbindung von Maschinen, Anlagen, Produkten, Logistik und Menschen Errichten, Ändern und Prüfen von vernetzten Systemen Betreiben von vernetzten Systemen und Sicherstellen der Systemverfügbarkeit fundierte Einblicke in die betrieblichen Abläufe der Fachabteilungen (z. B. Vertrieb, Einkauf, Logistik) die Mitarbeit an verschiedenen hausinternen Projekten Wir bieten dir...... eine qualifizierte und zukunftsorientierte Ausbildung in der Informationstechnik... fundierte IT-Kenntnisse mit dem Schwerpunkt Vernetzung und Automatisierung... Konfiguration und Optimierung von digitalen Prozessen und interessanten Produkten... einen Einsatz als vollwertiges Teammitglied... moderne Arbeitsplätze, überschaubare Teams und ein ausgezeichnetes Betriebsklima... fundierte Einblicke in die betrieblichen Abläufe... Mitarbeit an verschiedenen hausinternen Projekten Dein Ticket für den Weg zur Ausbildung sicherst du dir, wenn du...... die Allgemeine Hochschulreife, Fachhochschulreife, einen guten Realschulabschluss oder ITA mit guten Zensuren in Informatik, Mathematik, Deutsch und Englisch hast... ein gutes technisches Grundverständnis, generelle Affinität und Interesse für IT-Themen hast... starke Eigeninitiative, logisches Denken und analytische Fähigkeiten mitbringst... erste Erfahrungen mit MS Office gemacht hast... lernfähig, motiviert und flexibel bist... verantwortungsbewusst, kommunikativ und teamfähig bist Verdienst während der Ausbildung nach Absprache Hier gibt es (eigentlich) was Cooles zu sehen! Das hier ist ein Platzhalter für Video-Content von YouTube. Neugierig? Dann schalte die Inhalte jetzt frei. Ja, ich erlaube die externen Inhalte von YouTube. Ich bin damit einverstanden, dass mir die externen Inhalte angezeigt werden. Personenbezogene Daten können an Drittplattformen übermittelt werden. Mehr Infos gibt es in der Datenschutzerklärung.
6;Ausbildung Fachinformatiker/in für Digitale Vernetzung (m/w/d) bei Wirtgen GmbH in Windhagen;https://www.ausbildung.de/stellen/ausbildung-fachinformatiker-in-fuer-digitale-vernetzung-m-w-d-bei-wirtgen-gmbh-in-windhagen-4cf20857-1988-4751-95b8-ecf8c1f6698f/;Fachabitur;-;Fachinformatiker (m/w/d) - Digitale VernetzungDein AufgabengebietDie Arbeitsbereiche von Fachinformatikern sind sehr vielseitig: Sie beginnen bei der Analyse von Geschäftsprozessen und reichen über die Konzeption, Entwicklung, Optimierung, Wartung und Administration von IT-Lösungen in unserer integrierten SAP-Systemlandschaft bis hin zu Aufgaben im Bereich der Dokumentation, der Schulung und der Qualitätssicherung. AusbildungsverlaufWährend Deiner dreijährigen Ausbildung aus einem Zusammenspiel von Berufsschule (David-Röntgen-Schule und Ludwig-Erhard-Schule in Neuwied) und betrieblicher Ausbildung in Windhagen wirst Du von Deinen Ausbildern auf Dein späteres Berufsleben vorbereitet. Basierend auf einem innerbetrieblichen Ausbildungsplan durchläufst Du alle Bereiche innerhalb unserer Abteilung Informationsmanagement sowie in betroffenen Fachbereichen. In allen Bereichen werden Dir umfassende Kenntnisse vermittelt, damit du dich eigenständig unter anderem in den folgenden Themengebieten zum Experten weiterentwickeln kannst: Verbesserung der Unternehmensabläufe durch die Integration und Verbindung von IT-Systemen mit Produktions- und Logistiksystemen Identifikation, Einrichtung und Betrieb von Hardware und Software, die die weitergehende Automatisierung von Produktion und Logistik ermöglichen Konzeption und Entwicklung von Software für den Betrieb von IT-Schnittstellen Durchführung von Funktions- sowie Integrationstests und Erstellung von Dokumentationen Anwenderbetreuung in einem internationalen Umfeld Und nach der Ausbildung?Bei guter Leistung bieten wir Dir gemäß unserer Möglichkeiten selbstverständlich eine Übernahme an.Auf wen wir uns freuen:Junge Menschen, die zuverlässig sind, zielstrebig und engagiert im Team arbeiten können, flexibel und wissbegierig, offen und ehrlich sind und eine hohe Leistungsbereitschaft aufweisen. Verdienst während der Ausbildung nach Tarifvertrag
7;Ausbildung Fachinformatiker/in für digitale Vernetzung (m/w/d) bei Iniationware GmbH in Lohne (Oldenburg);https://www.ausbildung.de/stellen/ausbildung-fachinformatiker-in-fuer-digitale-vernetzung-m-w-d-bei-iniationware-gmbh-in-lohne-oldenburg-bbdf696c-ec00-43a2-ba62-ff70b9987231/;Keine Angabe;-;100% Ausbildung mit Work-Life-Balance.-Konzept (nur mit regionalem Wohnsitz möglich)Wir bieten dir ein junges und sehr modernes Team mit guten Skills im Bereich Internet der Dinge und Digitaler Zwilling für die Industrie 4.0. 100% Ausbildung und das Lernen mit Work-Life-Balance als didaktisches Konzept. Spannend auf die Zukunft vorbereitet werden, das ist unser Ziel für dich! Für eine Bewerbung ist ein Wohnsitz in regionaler Nähe notwendig. Wir bieten keine Remote-Ausbildung an. Verdienst während der Ausbildung nach Absprache
8;Ausbildung - Fachinformatiker Digitale Vernetzung (w/m/d) bei Schwarz Produktion in Weißenfels;https://www.ausbildung.de/stellen/ausbildung-fachinformatiker-digitale-vernetzung-w-m-d-bei-schwarz-produktion-in-weissenfels-12999c63-1eea-40c7-97ac-aca517fcf60b/;Mittlere Reife;-;Damit alles rundläuft, muss jemand das große Ganze im Blick behalten. Weil dieses Ganze bei uns ziemlich groß ist, suchen wir vorausschauende Organisationstalente, die es lieben anzupacken und Neues aufzubauen. Kurz: Dich. Als Azubi lernst du, wie man dafür sorgt, dass unsere Fabriken erfolgreich arbeiten können. Unser Angebot: ein ordentliches Gehalt, beste Aufstiegschancen und eine richtig gute Work-Life-Balance. Deal? DAS LERNST DU Du lernst die IT-Aufgaben mit dem Schwerpunkt der IT-Infrastruktur in einem modernen Produktionsunternehmen kennen, deren Abläufe und to-dos für die Einrichtung, Vernetzung, Dokumentation und den Betrieb von IT-Komponenten. Du kommunizierst nicht nur IT intern, sondern auch mit anderen Fachbereichen und Partnern. Du unterstützt in den Themenbereichen Industrial Server and Hosting und lernst so die IT-Infrastruktur vollumfänglich kennen. In der Berufsschule in Leipzig lernst du alle theoretischen Inhalte, die für die praktische Umsetzung wichtig sind, wie bspw. Integration von Software- und Hardware-Produkten in die bestehende IT-Landschaft oder Planung, Installation, Konfiguration und Pflege komplexer IT-Systeme DAS LIEFERST DU einen Realschulabschluss oder höherer Abschluss mit guten Leistungen in Mathematik und Deutsch ein IT-Grundverständnis sowie Interesse an IT mit dem Schwerpunkt IT-Infrastruktur Grundkenntnisse in Script- und Programmiersprachen Office-Anwendungen sind dir bekannt und du kannst sie bedienen Lernbereitschaft und Kommunikationsstärke - Zuverlässigkeit und Verantwortungsbewusstsein DAS LIEFERN WIR eine abwechslungsreiche Ausbildung mit Perspektive in einem Unternehmen mit Duz-Kultur umfassende Betreuung durch Ausbildungsverantwortliche und den Fachbereich eine attraktive überdurchschnittliche Vergütung (1. Jahr 1.000€/ 2.Jahr 1.100€/ 3.Jahr 1.250€ pro Monat) Urlaubs-, Weihnachtsgeld, Altersvorsorge und Prämierung guter Schulnoten uvm. Übernahme von Fahrtkosten zur Berufsschule sowie Kosten für Schulmaterialien umfangreiche Gesundheitsangebote, u.a. Resilienzfähigkeit, Sportevents, online Kursangebote 29 Urlaubstage gemäß Tarifvertrag UNSER ANGEBOT Vertragsart: Ausbildung bis 31.07.2027 Zu besetzen ab: 01.08.2024 Arbeitszeit: 40 Stunden pro Woche AUF WAS WARTEST DU NOCH?Bewirb dich einfach direkt unter „Bewerbung starten“ oder auf jobs.schwarz-produktion.com.
9;Ausbildung Fachinformatiker/in für digitale Vernetzung (m/w/d) bei Liftstar GmbH in Köln;https://www.ausbildung.de/stellen/ausbildung-fachinformatiker-in-fuer-digitale-vernetzung-m-w-d-bei-liftstar-gmbh-in-koeln-05d6a218-ccc0-41d7-afdc-ef855322813a/;Keine Angabe;"-1. Jahr => 1065 €; 2. Jahr => 1118 €; 3. Jahr => 1197 €; ";"Das ist die LiftstarEin Liftstar zu sein, ist mehr als nur ein Job! Wir sind eine der erfolgreichsten Vertriebsorganisationen in Deutschland und Marktführer im Bereich der Treppenlifte. Als absoluter Innovator und Treiber der Branche gehen wir immer wieder mutig voran und setzen neue Maßstäbe. Wir wissen, Treppenlifte zu verkaufen ist Mannschaftssport - deshalb gehören wir zu den Besten am Markt. Starte als Nachwuchstalent deine Ausbildung zum Fachinformatiker bei uns und wir machen dich zum Profi! Das erwartet dich während deiner Ausbildung: ChatGPT, RPA, IoT oder Cloud-Computing - wir haben neue Technologien und Trends aus dem digitalen Umfeld im Blick und wollen unsere IT-Landschaft stets modern halten, als Digital Native bist du wichtiger Impulsgeber. OneKit, Apps, Cybersecurity und Server-Landschaften - Neben dem Alltagsgeschäft bekommst du tiefe Einblicke in die Programmierung unserer eigenen App, beschäftigst dich mit unserer IT-Infrastruktur und der Cybersecurity bei Liftstar. ""Haben Sie versucht, den PC aus- und wieder einzuschalten?"" - Ein Satz, den man nicht nur aus Memes kennt. Bei 900 Mitarbeitern sind kleine und große IT-Probleme Alltag. Du hilfst unseren Liftstars bei ihren technischen Problem und findest eine Lösung. Perspektive - Durch individuelle Entwicklung machen wir dich zum IT-Profi. Wir stehen voll und ganz hinter dir und unterstützen dich während deiner Ausbildung, ganz gleich, ob bei beruflichen, privaten oder schulischen Herausforderungen. Mit uns hast du einen starken Sparringspartner! Das erwarten wir von dir: Nerds und Nicht-Nerds sind gleichermaßen willkommen. In erster Linie musst du Lust auf IT haben und immer dein Bestes geben - erfolgreich machen wir dich. Du kannst dich sehr gut in deutscher Sprache in Wort und Schrift ausdrücken und hast Freude am Brainstormen mit deinen Kollegen, bist proaktiv in der Lösungsfindung und bringst deine Ideen eigenständig ein. Du bist ein absoluter Teamplayer, bist wissbegierig und bereit, auch mal die Extra-Meile zu gehen. Warum Liftstar? Ein kleines und sympathisches Team aus Nerds und Fachexperten aus dem IT-Umfeld Ob über Diablo IV, ChatGPT oder deine Lieblingspizza, an der Kaffeemaschine findest du immer einen passenden Gesprächspartner. Eine attraktive Vergütung von 1.065,- € im ersten Jahr Dazu moderne Arbeitsmittel wie ein Laptop und ein iPhone. Sehr gute Übernahmechance und die Perspektive, dich als Spezialist in verschiedenen IT-Bereichen innerhalb des Unternehmens zu entwickeln. In einem modernen Umfeld beim Marktführer kannst du dein Potential voll ausschöpfen und von den Besten lernen, um den Grundstein deiner Karriere zu legen. Wir unterstützen nicht nur dich, sondern auch die Umwelt und unsere Mitmenschen. Als Unternehmen stellen wir uns unserer sozialen Verantwortung und einer nachhaltigen Entwicklung. Regelmäßige Azubievents, 30 Tage Urlaub, eine Urban-Sports-Club-Mitgliedschaft, Rabatte bei über 1000 Onlineshops und coole Kollegen sorgen dafür, dass du dich rund um die Uhr wohlfühlst. Verdienst während der Ausbildung 1. Jahr1065 €2. Jahr1118 €3. Jahr1197 €"
10;Ausbildung Fachinformatiker* - Digitale Vernetzung (Start 2024) bei ERBACHER the food family in Kleinheubach;https://www.ausbildung.de/stellen/ausbildung-fachinformatiker-digitale-vernetzung-start-2024-bei-erbacher-the-food-family-in-kleinheubach-2e97e583-1607-4044-9050-e3d5b22216f9/;Mittlere Reife;"-1. Jahr => 985 €; 2. Jahr => 1105 €; 3. Jahr => 1225 €; ";Ausbildung Fachinformatiker* - Digitale Vernetzung (Start 2024)ERBACHER the food family ist Vordenker und Vormacher zukunftsfähiger Ernährung. Als Familienunternehmen sind wir seit 80 Jahren Hersteller von Nutz- und Heimtiernahrung und hochwertigen Lebensmitteln. Unser Anspruch ist es, innovative Ernährung für Mensch und Tier in guter globaler Gemeinschaft zu erschaffen. Daran arbeiten wir mit über 800 Kolleginnen und Kollegen in Deutschland und internationalen Niederlassungen. Mit unserem Family Spirit fördern wir ein motivierendes Arbeitsumfeld. Eigenverantwortliches Arbeiten gehört für uns ebenso dazu, wie die Förderung der fachlichen und persönlichen Kompetenz aller Teammitglieder.Hat sich dein Traumjob schon immer um Computer gedreht? Wolltest du schon immer in einem zukunftsorientierten Beruf arbeiten? Hast du ein gutes technisches Verständnis und Interesse an der digitalen Vernetzung von Systemen? Bist du auf der Suche nach einem abwechslungsreichen Aufgabengebiet? Dann bist du bei uns genau richtig! Bewirb dich jetzt für deine Ausbildung und werde zum 1. September 2024 Teammitglied bei ERBACHER the food family! Das erwartet dich Eine 3-jährige Ausbildung mit IHK-Abschluss Eine zukunftsorientiere Ausbildung in der Informationstechnologie Spannende Aufgaben, wie… …die Vernetzung von IT-Systemen und -Anwendungen …die Sicherung von Daten …die Automatisierung von Prozessen und Produkten Dein ProfilDu… ...hast die mittlere Reife oder die allgemeine / fachgebundene Hochschulreife ...punktest durch gute Noten in den Fächern Mathematik, Informatik, Deutsch und Englisch ...verfügst über sehr gute Computerkenntnisse ...hast ein gutes technisches Verständnis ...bist ein Teamplayer und ständig bereit etwas Neues zu lernen Wir bieten dir Family spirit, ein tolles Team und unsere Du-Kultur auf allen Hierarchieebenen Viele Chancen für Deine persönliche und fachliche Entwicklung Sport-, Mobilitäts- und Gesundheitsangebote Flexible Arbeitszeiten – Zusätzliche Urlaubstage – Weihnachtsgeld, Urlaubsgeld Betriebliche Altersvorsorge &amp Unfallversicherung Vielfältige Weiterbildungsmöglichkeiten Kostenloses Müsli, Obst &amp Gemüse und bezuschusstes Mittagessen *Wichtig ist nur, dass wir zueinander passen. Herkunft und Geschlecht spielen keine Rolle.Wenn Du Dich für eine abwechslungsreiche Ausbildung interessierst und für ein zukunftsorientiertes, expandierendes Unternehmen tätig sein möchtest, dann schicke uns bitte Deine vollständigen Bewerbungsunterlagen.Gerne kannst Du Dich bei Fragen auch persönlich mit uns in Verbindung setzen.Wir freuen uns auf Deine Bewerbung! Verdienst während der Ausbildung 1. Jahr985 €2. Jahr1105 €3. Jahr1225 €
11;Ausbildung zum/zur Fachinformatiker*in für digitale Vernetzung (m/w/d) bei Currenta GmbH & Co. OHG in Leverkusen;https://www.ausbildung.de/stellen/ausbildung-zum-zur-fachinformatiker-in-fuer-digitale-vernetzung-m-w-d-bei-currenta-gmbh-co-ohg-in-leverkusen-5eba6acc-4316-4310-805c-c198accf374a/;Fachabitur;"-1. Jahr => 1125 €; 2. Jahr => 1229 €; 3. Jahr => 1299 €; ";AUTOMATISCH GEREGELT.Du erwirbst fundierte Grundkenntnisse in einer der Schlüsseltechnologien der Zukunft und organisierst den Einsatz moderner IT-Applikationen für unsere Geschäftseinheiten. Das Potential von Daten verstehst du zudem für neue Geschäftsideen. Moderne Programmiersprachen setzt Du in der Praxis sinnvoll ein.Bei deinen Praxiseinsätzen kommst du mit nahezu allen Geschäftsbereichen in Berührung. Denn ohne IT geht auch bei uns nichts DAS BRINGST DU MIT.Du hast bei Ausbildungsbeginn mindestens den schulischen Teil der Fachhochschulreife, die Noten sind uns dabei nicht so wichtig. Programmiersprachen interessieren dich.Du solltest dich gut auf verschiedene Menschen einstellen und auch Nicht-Techies verstehen können.In der Schule knobelst du gerne an anspruchsvollen Mathe-Aufgaben und scheust dich auch nicht, ein User-Manual in Englisch zu lesen. DAMIT BEWERBEN WIR UNS.Du erhältst eine attraktive Ausbildungsvergütung nach dem Tarif der chemischen Industrie. Wir bieten dir die Sicherheit und Erfahrung eines traditionsreichen Unternehmens, das schon immer Aus- und Weiterbildung in den Mittelpunkt gestellt hat. Bewirb Dich jetzt online unter www.currenta.de! Bei Fragen wende dich bitte an Herrn Marc-André Herrmann, unter der Nummer 0214 3139-5540. Verdienst während der Ausbildung 1. Jahr1125 €2. Jahr1229 €3. Jahr1299 €
12;Ausbildung zum Fachinformatiker für Digitale Vernetzung (m/w/d)) bei PHW-Gruppe in Visbek;https://www.ausbildung.de/stellen/ausbildung-zum-fachinformatiker-fuer-digitale-vernetzung-m-w-d-bei-phw-gruppe-in-visbek-8cf19cf2-3f80-4b22-88ed-ee0bf322ebb4/;Fachabitur;-;Schön, dass du dich für eine Ausbildung bei uns interessierst. Wir würden uns freuen, dich schon bald als neues Mitglied in der PHW-Family begrüßen zu dürfen.Die Brüterei Weser-Ems mit Ihren Elterntier- und Hähnchenaufzuchtfarmen in den Landkreisen Diepholz und Vechta (Niedersachsen) gehört zur international tätigen PHW-Gruppe.Die IT-Abteilung der PHW-Gruppe fungiert als zentrale IT-Abteilung. Das bedeutet, die EDV der Produktion, die Vernetzung der Betriebe und die Verantwortung für mehr als 3.000 PC's gehören zur Aufgabe der IT-Abteilung. Freu dich auf: Eine fundierte und zukunftsorientierte Ausbildung Zahlreiche Weiterbildungsmöglichkeiten Teambuildingmaßnahmen und Azubiprojekte Welcome Day und Einführungstage Intensive Prüfungsvorbereitung Sehr gute Übernahmechancen Bonuszahlungen zur Abschlussprüfung Dauerhafte Nachlässe auf Markenprodukte in Form von Corporate Benefits Fahrtkostenzuschuss zur Berufsschule Betriebliche Altersvorsorge und vermögenswirksame Leistungen Betriebliches Gesundheitsmanagement Gute Erreichbarkeit (Anbindung Nordwestbahn) In deiner Ausbildung bei uns lernst du: Analyse und Planung zur Vernetzung von IT-Systemen und -Anwendungen Automatisierung von Prozessen und Produkten Entwicklung von Sicherheitskonzepten für IT-Systeme (z.B. Datenschutz und Informationssicherheit) Sicherstellung der Systemverfügbarkeit Schnittstelle zwischen IT und Produktion (Industrie 4.0) Das bringst du mit: Allgemeine oder fachgebundene Hochschulreife Gute Noten in den mathematischen Fächern Ausgeprägtes logisches und analytisches Denkvermögen Hohes Interesse an technischen Zusammenhängen und am Umgang mit der IT Bestenfalls erste Erfahrung mit Hard- und Software Selbstständigkeit und Eigeninitiative Teamfähigkeit, Zuverlässigkeit und Lernbereitschaft So bewirbst du dich:Werde ein Teil der PHW-Family und sende uns deine Unterlagen bevorzugt über unser Portal: karriere.phw-gruppe.de
13;Ausbildung Fachinformatiker/in für digitale Vernetzung (m/w/d), Mercedes-Benz Werk Düsseldorf, Ausbildungsbeginn 01.09.2024 bei Mercedes-Benz AG - Werk Düsseldorf in Düsseldorf;https://www.ausbildung.de/stellen/ausbildung-fachinformatiker-in-fuer-digitale-vernetzung-m-w-d-mercedes-benz-werk-duesseldorf-ausbildungsbeginn-01-09-2024-bei-mercedes-benz-ag-werk-duesseldorf-in-duesseldorf-04223aea-153d-4447-80eb-067d1e5cd2b6/;Mittlere Reife;-;AufgabenDich interessieren nicht nur Fahrzeuge, sondern auch die Vernetzung von Prozessen, die zum fertigen Fahrzeug führen? Mit einer Ausbildung zum Fachinformatiker Fachrichtung Digitale Vernetzung wirst du von Anfang an aktiv eingebunden.In deiner dreijährigen Berufsausbildung werden dir unter anderem folgende Themen vermittelt:· Analysieren und Planen von Systemen zur Vernetzung von Prozessen und Produkten· Errichten, Ändern und Prüfen von vernetzten Systemen· Automatisieren von Prozessen, Produkten, Maschinen und Anlagen· Betreiben von vernetzten Systemen und Sicherstellen der SystemverfügbarkeitDu erlernst alle Grundlagen in unseren Ausbildungs- und Fachbereichen, angeleitet durch unsere qualifizierten Ausbilder und Fachausbilder. Mit Workshops und agilen Projekten unterstützen wir deine persönliche und fachliche Weiterentwicklung. Ergänzend zur praktischen Ausbildung bieten wir dir Seminare zu Themen wie Kommunikation, Präsentation, Anwendung von IT-Systemen und vielem mehr – Theorie, die dich in der Praxis weiterbringt.Am Ende deiner Ausbildung folgt die Abschlussprüfung – der Grundstein für deine weitere Karriere. QualifikationenBereit zum Go-live? Dann bewirb dich mit einer sehr guten Mittleren Reife oder Abitur. Zu deinen Talenten zählen hervorragende Kenntnisse in Mathematik sowie sehr gute deutsche und englische Sprachkenntnisse. Mit Computern kennst du dich sehr gut aus und hast idealerweise erste Erfahrungen. Du bist lernbereit und motiviert, dir kontinuierlich Kenntnisse anzueignen. Wenn du zudem ein gutes technisches Verständnis hast und kundenorientiert arbeitest, dann passt du perfekt zu uns. Wir freuen uns insbesondere über Bewerbungen von Menschen mit Behinderungen.Bitte bewirb dich ausschließlich online und lade deine vollständigen Bewerbungsunterlagen (Anschreiben/Motivationsschreiben, Lebenslauf, die letzten drei Zeugnisse und eventuell sonstige Anschreiben/Bescheinigungen oder auch Praktikumsbestätigungen) in einem üblichen Format *.doc oder *.pdf systemseitig hoch.Zusätzliche Informationen:#Fachinformatiker Verdienst während der Ausbildung nach Tarifvertrag
14;Ausbildung Fachinformatiker/in für digitale Vernetzung (m/w/d) bei Lufthansa Technik AERO Alzey GmbH in Alzey;https://www.ausbildung.de/stellen/ausbildung-fachinformatiker-in-fuer-digitale-vernetzung-m-w-d-bei-lufthansa-technik-aero-alzey-gmbh-in-alzey-a911f91e-55c7-422a-875d-b9756d35b996/;Fachabitur;-;Wir vertrauen auf die großen Kräfte: Deine. Du lernst Systeme zur Vernetzung von Prozessen und Produkten zu analysieren und zu planen Du installierst und konfigurierst unter Anleitung Netzwerkkomponenten und IoT-Lösungen Du betreibst und erweiterst vernetzte Systeme Du entwickelst den Blick für Störungen und lernst, wie man sie beseitigt Du kümmerst Dich um die Informationssicherheit - mit Dir haben Hacker keine Chance Wo andere das Problem sehen, siehst Du die Lösung!
15;Ausbildung zum Fachinformatiker für digitale Vernetzung (m/w/d) bei REHAU Industries SE & Co. KG in Rehau;https://www.ausbildung.de/stellen/ausbildung-zum-fachinformatiker-fuer-digitale-vernetzung-m-w-d-bei-rehau-industries-se-co-kg-in-rehau-2ee19ca2-9f89-4e0a-8c74-cc96bc6e260d/;Mittlere Reife;-;Ohne IT läuft nichts, nicht mal mehr in der Produktion. Neben der IT-gestützten Steuerung verschiedener Produktionsanlagen gibt es z.B. autonome Transport- und Lagersysteme oder ganze Produktionsschritte, die automatisch ablaufen. Als Fachinformatiker für digitale Vernetzung (m/w/d) weißt Du, wie man solche Maschinen und Prozesse richtig miteinander vernetzt, um sie anschließend per Computer steuern zu können. Außerdem sorgst Du dafür, dass die IT-Systeme vor Hacker-Angriffen geschützt sind und suchst nach Lösungen, wenn Störungen im System auftreten. Du denkst bewerben ist kompliziert? Nicht bei uns.Bewirb Dich ganz einfach in nur zwei Minuten mit der schnellsten Bewerbung Deiner Region: www.rehau.de Das bringst Du mit:Mindestens mittlere Reife Das kannst Du von uns erwarten: Moderne Arbeitsplätze und Arbeitszeitmodelle Eine top ausgestattete Ausbildungswerkstatt Abwechslungsreiche Aufgaben, eigene Projekte sowie optimale Prüfungsvorbereitung Ein erfahrenes, sympathisches Team, in dem Du nicht allein gelassen wirst Eine überdurchschnittlich hohe Übernahmequote Eine faire Ausbildungsvergütung plus Sonderzahlungen und Prämien für top Noten und Abschlüsse Damit überzeugst Du uns:Ob Fußball, Tanzen, Zocken oder Wandern – Egal was Du in Deiner Freizeit machst, wichtig sind für uns Teamgeist, Neugier, Ehrgeiz und Faszination für Technik. Bei uns zählt Deine Persönlichkeit. Willst Du noch mehr über REHAU und unsere Ausbildung erfahren?Alle Infos, Videos, Azubi-Interviews und noch mehr findest Du unter www.rehau.de.
16;Ausbildung Fachinformatiker/in für digitale Vernetzung (m/w/d) bei Dr. Schuhmann Gruppe in Fürth;https://www.ausbildung.de/stellen/ausbildung-fachinformatiker-in-fuer-digitale-vernetzung-m-w-d-bei-dr-schuhmann-gruppe-in-fuerth-ea63a719-9baa-4fa1-be42-14f359abb606/;Keine Angabe;-;Ausbildung Fachinformatiker für digitale Vernetzung (m/w/d) in FürthUnsere Zentrale in Fürth bietet für den Bereich IT &amp Organisation zum 01.09.2024 einen Ausbildungsplatz zum Fachinformatiker für digitale Vernetzung (m/w/d) an.Unser Bereich IT &amp Organisation umfasst u. a. die Installation von Hard- und Software und die Betreuung des bundesweiten Netzwerkes der Dr. Schuhmann Gruppe.Ihre Aufgaben: Administration &amp Support der firmeneigenen Infrastruktur Vernetzung und Optimierung von Systemen Installation von Hard- und Software IT-Sicherheit und Datenschutz Ihr Profil: Mittlere Reife, Fachabitur/Abitur (gerne auch Studienabbrecher) technisches Verständnis im IT Bereich Lernbereitschaft und Engagement Interesse an einer komplexen, dienstleistungsorientierten Tätigkeit Wir bieten: eine solide und fundierte Ausbildung zum Fachinformatiker in Fürth in einer angenehmen Arbeitsatmosphäre gleitende Arbeitzeit gründliche Einarbeitung des Auszubildenden gute Zukunftsperspektiven Übernahmegarantie nach erfolgreichem Abschluss der Ausbildung Jobticket, Fahrtkostenzuschlag Parkmöglichkeiten gute Anbindung an öffentliche Verkehrsmittel (U-Bahn U1 / S-Bahn / Regionalbahn)
17;Ausbildung Fachinformatiker/in für digitale Vernetzung (m/w/d) bei EURONICS Deutschland eG in Ditzingen;https://www.ausbildung.de/stellen/ausbildung-fachinformatiker-in-fuer-digitale-vernetzung-m-w-d-bei-euronics-deutschland-eg-in-ditzingen-27125a58-089f-42c9-a7bc-f14e9cb150e4/;Mittlere Reife;-;Fachinformatiker (m/w/d) Digitale VernetzungWARUM EURONICS?Die EURONICS Deutschland eG mit Hauptsitz in Ditzingen bei Stuttgart zählt zu den größten Verbundgruppen für Unterhaltungselektronik in Deutschland. Unter dem Unternehmensmotto „Für Dein Bestes Zuhause der Welt“ überzeugen wir unsere Kunden mit einem umfassenden Dienstleistungsangebot, individueller Beratung und qualifiziertem Fachpersonal. Wir arbeiten als Einkaufskooperation nach dem genossenschaftlichen Prinzip: Die mittelständischen Fachgeschäfte und Fachmärkte sind eigenständig am Markt unterwegs und werden von der EURONICS Zentrale in Ditzingen bei Stuttgart kompetent &amp tatkräftig unterstützt.Du bist fasziniert von digitalen Revolutionen und möchtest Teil eines Teams sein, dass die Technologiewelt von morgen formt? Dann bist du bei uns genau richtig! Fachinformatiker (m/w/d) für digitale Vernetzung sind die Architekten der digitalen Welt. Sie gestalten die Netzwerke, welche unsere digitale Gesellschaft am Laufen halten. Vom Cloud Computing bis zur Cybersecurity sind sie die Profis, die dafür sorgen, dass alles reibungslos läuft.DAS BEWEGST DU BEI UNS: Eine fundierte und praxisnahe Ausbildung in einem zukunftsweisenden Unternehmen Du erlernst die Implementierung von vernetzten Systemen und Lösungen Du analysierst Daten und erstellst daraus Reports zur Optimierung der digitalen Vernetzung Du arbeitest an spannenden Projekten mit um unsere digitalen Plattformen weiterauszubauen Problemlösung und Fehlerbehebung in digitalen Systemen wird Teil deiner Aufgaben Den Berufsschulunterricht absolvierst du am Beruflichen Schulzentrum Bietigheim-Bissingen DAS BRINGST DU MIT: Du bist voller Tatendrang und willst gemeinsam mit EURONICS digitale Netzwerke ausbauen Du interessierst dich für die neusten Trends in der digitalen Welt Du bist kommunikativ und erklärst gerne anderen die Welt der IT Informatik und Programmierung haben dich schon immer interessiert Du hast deinen Realschulabschluss oder deine (Fach-)Hochschulreife mit guten Leistungen abgeschlossen DARUF KANNST DU DICH FREUEN: Vom ersten Tag an bieten wir dir eine individuelle Betreuung bis zum erfolgreichen Abschluss deiner Ausbildung Dich erwartet ein professionelles Azubi-Onboarding inklusive Einführungstage Wir garantieren dir eine überdurchschnittliche Vergütung inklusive Urlaubs- und Weihnachtsgeldes sowie weitere Zuschüsse und Mitarbeiterrabatte Komplette Erstattung der ÖPNV-Fahrtkosten Bei guten Leistungen bieten wir dir eine sehr hohe Chance auf eine Übernahme sowie die Möglichkeit deine Ausbildung auf 2,5 Jahre zu verkürzen Vom Auszubildenden bis zur Führungskraft sind unsere Mitarbeiter der Schlüssel unseres Erfolgs. Wir setzen auf kurze Entscheidungswege, flache Hierarchien und bieten Dir somit eine verantwortungsvolle und abwechslungsreiche Ausbildung mit genügend Freiraum für selbstständiges Arbeiten in einem offenen und kommunikativen Team. Wir freuen uns auf Deine aussagekräftige Online-Bewerbung.#EURONICSYourFutureEURONICS Deutschland eGwww.euronics-deutschland.de – www.euronics.de
18;Ausbildung Fachinformatiker (w/m/d) Digitale Vernetzung bei Braintower Technologies GmbH in St. Ingbert;https://www.ausbildung.de/stellen/ausbildung-fachinformatiker-w-m-d-digitale-vernetzung-bei-braintower-technologies-gmbh-in-st-ingbert-a84387c7-c8ef-4c0b-99a5-ce466951fa90/;Fachabitur;-;Aufgaben und Verantwortlichkeiten: Wir sind die Hüter der Netzwerke wo also besser den neuen Ausbildungsberuf Fachinformatiker (w/m/d) Digitale Vernetzung starten als bei uns? Bei Braintower werden wir Dir innerhalb Deiner 3-jährigen Ausbildung, mit Ausbildungsbeginn am 01.08.2024, alles rund um Analyse, Planung, Einrichtung und Überwachung von vernetzten Systemen vermitteln. In Hard- und Software machen wir Dich fit, damit Du selbst Systeme und Netze installieren und betreuen kannst. Der Umgang mit unseren Kunden gehört auch dazu. Schließlich ist es ihr Netzwerk und ihre Security. Bei Braintower lernst Du, wie man systematisch Problemstellung in umsetzbare Pläne überführt und denen kompetent hilft, für die der Computer nur eine Kiste voller Geheimnisse ist. Wir rüsten Dich mit allem aus, was Du für Deine berufliche Zukunft brauchst. Wir unterstützen Dich, wo wir nur können. Angst vor kaltem Wasser darfst Du trotzdem nicht haben: Du wirst hier richtig viel Neues lernen und von Anfang an gemeinsam mit dem Team für unsere Kunden, die echt große Namen haben, elegante Lösungen erarbeiten. Bei Braintower bieten wir verantwortungsvolle und spannende Aufgaben in einem kollegialen Umfeld. Wir sind ein kleines Team, das Wissen gerne und intensiv miteinander teilt. Wir freuen uns auf Persönlichkeiten, die dank ihrer umsichtigen Arbeitsweise, ihrer Verlässlich- und Teamfähigkeit gut zu uns passen. Was Du mitbringst, um erfolgreich zu sein: Du hast die Fachhochschulreife oder das Abitur so gut wie in der Tasche Du hast großes Interesse an Computern und allem, was damit zusammenhängt Du hast schon mal Deinen Rechner selbst aufgerüstet Du konntest schon immer gut rechnen Du hast ein ausgeprägtes technisches Verständnis Du kannst abstrakt und logisch denken Du sprichst ganz gut Englisch Du hast den Führerschein (oder bist dran) Das kannst Du von uns erwarten: Starte Deine Ausbildung bei einer Kununu Top Company: Bei uns wirst Du von Deinem Ausbilder und Mentor:innen betreut, kannst auf ein Netzwerk von aktuellen und ehemaligen Azubis zugreifen und wirst mit Deinen Fragen nie auf taube Ohren stoßen. Braintower zahlt seinen Azubis überdurchschnittlich viel Ausbildungsvergütung: Das erste Lehrjahr startet mit 1.182,50 €. Alle Kolleg:innen haben 2022 eine inflationsbedingte Gehaltserhöhung erhalten: auch die Azubis. Erfahre echte Wertschätzung und Gleichstellung: „Die Meinung des Azubis wird genauso gehört, wie die der Chefs“ ist ein Grundsatz, nachdem wir schon immer handeln. Bei uns lernst Du viel: Wir sind ein agiler IT-Dienstleister mit richtig großen Kunden. Du lernst deshalb nicht nur ein System kennen, sondern die ganze Bandbreite der IT-Infrastruktur. So kannst Du schon früh erfahren, was Dich wirklich interessiert und Dich darin spezialisieren. Wir nehmen Dich ernst: Du machst bei uns keine „unnötigen“ Sachen. Stattdessen machen wir Dich fit für den realen Arbeitsmarkt und bieten Dir auch nach Deiner Ausbildung eine realistische Übernahmechance. Der Spaß kommt nicht zu kurz: Wie alle Mitarbeiter:innen haben auch die Azubis Zugang zu allen Benefits: Future Days auf Mallorca, Wunschhardware, Firmenfahrrad oder flexible Arbeitszeiten sind da erst der Anfang Förderung persönlicher Entwicklungschancen und Schulungsangebote.
19;Ausbildung Fachinformatiker/in für digitale Vernetzung (m/w/d) - 2024 bei TRUMPF SE + Co. KG in Ditzingen;https://www.ausbildung.de/stellen/ausbildung-fachinformatiker-in-fuer-digitale-vernetzung-m-w-d-2024-bei-trumpf-se-co-kg-in-ditzingen-29c09ae1-51d9-4c65-b944-0649c4cf4d10/;Keine Angabe;"-1. Jahr => 1037 €; 2. Jahr => 1102 €; 3. Jahr => 1199 €; ";Künstliche Intelligenz, Smart Technologies, Quantencomputer: Wusstest du, dass TRUMPF als eines der weltweit führenden Hightech-Unternehmen genau an diesen Themen forscht? Mit einer Ausbildung oder dualem Studium bei TRUMPF gestaltest du Zukunft – deine und unsere! Dabei kannst du jederzeit auf unsere volle Unterstützung sowie unsere Sicherheit als internationales Familienunternehmen vertrauen. Dich erwarten spannende Aufgaben und Projekte in einer unserer 70 Tochtergesellschaften weltweit sowie eine attraktive Ausbildungsvergütung. Klingt spannend? Das Beste kommt zum Schluss: Mit vielfältigen Weiterbildungsmöglichkeiten wollen wir dir auch Perspektiven über die Ausbildung oder das Studium hinaus bieten. Ausbildung Fachinformatiker/in für digitale Vernetzung (m/w/d) - 2023Deine Aufgaben Die digitale Transformation stellt nicht nur unser Privatleben, sondern auch viele Unternehmen auf den Kopf. Immer mehr unserer Kunden stellen ihre Produktion auf vernetzte Prozesse um. Um sie dabei zu unterstützen, brauchen wir die richtigen Mitarbeiterinnen und Mitarbeiter. Als Fachinformatikerin oder Fachinformatiker für digitale Vernetzung lernst du, wie man moderne Maschinen und Anlagen zu reiner Smart Factory verschmelzen lässt und wie man diese mit IT-Systemen steuert. Während deiner 3-jährigen Ausbildung erwartet dich eine spannende Mischung aus Theorie und Praxiseinsätzen. In unserem Headquarter Ditzingen (Stuttgart) lernst du die Grundlagen unserer IT-Infrastruktur kennen, wirst in der Smart Factory eingesetzt, arbeitest beim Aufbau einer vernetzten Produktion und unterstützt unsere Vernetzungs-Profis bei der Etablierung von Industrie 4.0-Lösungen in den Fabriken unserer Kunden. Dazu hast du die Möglichkeit, bis zu vier Wochen in einer unserer Tochtergesellschaften im Ausland zu verbringen. Die theoretischen Grundlagen erlernst du in der IT.Schule in Stuttgart. Was wir suchen Schulabschluss mit guten Leistungen in Mathematik und Naturwissenschaften Interesse an IT-Systemen und Softwareanwendungen inklusive Coding Analytisches und logisches Denkvermögen Ein kommunikativer, hilfsbereiter Teamplayer, der Dingen gerne auf den Grund geht Was wir bieten Deine Ausbildungsvergütung: 1.037 € (1. Lj.), 1.102 € (2. Lj.), 1.199 € (3. Lj.) sowie weitere Sonderzahlungen Aktiv geförderte Work-Life-Balance, z.B. mit Sport- und Fitnessprogramm Umfangreiches Weiterbildungsangebot u.a. im internationalen Umfeld Frühe Verantwortungsübernahme und spannende Aufgaben mit großem Gestaltungsspielraum Moderne und familiäre Unternehmenskultur Haben wir dich überzeugt?Bitte richte deine Onlinebewerbung an Marisa Reinhardt. Für Rückfragen erreichst du unser Recruiting Team unter Tel.: +49 (07156) 303-32000. Alle unsere ausgeschriebenen Stellen sind aktuell noch zu besetzen. Auf unserer Karriereseite findest du alle FAQs rund um deine Bewerbung bei uns. Verdienst während der Ausbildung 1. Jahr1037 €2. Jahr1102 €3. Jahr1199 € Hier gibt es (eigentlich) was Cooles zu sehen! Das hier ist ein Platzhalter für Video-Content von YouTube. Neugierig? Dann schalte die Inhalte jetzt frei. Ja, ich erlaube die externen Inhalte von YouTube. Ich bin damit einverstanden, dass mir die externen Inhalte angezeigt werden. Personenbezogene Daten können an Drittplattformen übermittelt werden. Mehr Infos gibt es in der Datenschutzerklärung.
20;Ausbildung als Fachinformatiker für digitale Vernetzung (w/m/d) bei Heel GmbH in Baden-Baden;https://www.ausbildung.de/stellen/ausbildung-als-fachinformatiker-fuer-digitale-vernetzung-w-m-d-bei-heel-gmbh-in-baden-baden-800265ff-ee2e-4c72-a7c5-787952c28285/;Mittlere Reife;-;Du suchst nach einer sinnvollen Arbeit, möchtest etwas Gutes tun und gleichzeitig dein eigenes Geld verdienen?Als Fachinformatiker für digitale Vernetzung gestaltest du Heel‘s digitale Zukunft und wirst zum Technologie-Champion! Du bringst moderne IT-Technologien direkt in unsere Arbeitsabläufe, agierst an der Schnittstelle zwischen IT und Produktion und entwickelst unsere zukunftsweisende IT-Infrastruktur.Klingt gut? Ist es auch! Starte deine Karriere bei Heel. Das erwartet dich: Erlebe die Faszination von Technik, IT und digitaler Transformation hautnah. Auf deiner Reise durch diese 3 Bereiche entdeckst du, wie du unsere Produktionsanlagen per Computer präzise steuerst, Fehler aufspürst und gekonnt korrigierst. Tauche ein in die aufregende Welt der Systemanalyse und erfahre, wie du bei komplexen Abläufen den Überblick behältst und Prozesse geschickt automatisierst. Nutze dabei modernste Techniken, um Maschinen, Aggregate und Sensoren nahtlos in die IT einzubinden. Gleichzeitig gestaltest du aktiv Softwarelösungen mit, indem du an ihrer Konzeption, Installation und Wartung beteiligt bist. Deine schulische Ausbildung an der Heinrich-Hertz-Schule in Karlsruhe beträgt 3 Jahre. Das bringst du mit: Abschluss: Sehr guter Realschulabschluss oder ein gutes Abitur/ Fachhochschulreife Kenntnisse: Computer- und MS Office Kenntnisse Stärken: Analytisches Denken, Interesse an digitalen Technologien, Spaß am Umgang mit handwerklichen Tätigkeiten Arbeitsweise: Selbstständig, strukturiert, sorgfältig Das bieten wir dir: Hohe Ausbildungsqualität: Damit du direkt voll durchstarten kannst, begleiteten dich ein professionelles Onboarding und ein persönlicher Pate, der dir während deiner Ausbildung mit Tipps und Ratschlägen zur Seite steht. Attraktives Gehalt: Wir zahlen dir 1.109 € - 1.240 € im 1. bis 3. Lehrjahr. Zudem erhältst du von uns Sonderzahlungen wie ein 13. Monatsgehalt und Urlaubsgeld. Wir unterstützen dich außerdem finanziell während deiner Ausbildung. Echte Gemeinschaft: Bei der täglichen Zusammenarbeit, aber auch im Rahmen von unseren tollen Teamevents und Ausflügen wie dem jährlichen Hüttenwochenende. Spaßfaktor garantiert! Sportliche Highlights: Lass dich von unseren zahlreichen Sportangeboten, Kursen und Kooperationen mit Fitnessstudios begeistern. Top Zukunftsperspektiven: Wir übernehmen jedes Jahr 80% unserer Azubis! Bewirb dich jetzt! Wir freuen uns auf deine Bewerbung.
21;Ausbildung Fachinformatiker für digitale Vernetzung (m/w/d) bei Hans Segmüller Polstermöbelfabrik GmbH & Co. KG in Friedberg (Bayern);https://www.ausbildung.de/stellen/ausbildung-fachinformatiker-fuer-digitale-vernetzung-m-w-d-bei-hans-segmueller-polstermoebelfabrik-gmbh-co-kg-in-friedberg-bayern-a1f15ee0-4db8-4d3e-bb88-8c1e4f212172/;Mittlere Reife;-;SEGMÜLLER steht für Einrichtungshäuser der Extraklasse und ist einer der Top-Ten-Möbelhändler in Deutschland. Unser Familienunternehmen mit über 90-jähriger Firmengeschichte zeichnet sich durch erstklassige Beratung, ausgezeichneten Service und exklusive Qualität aus. Rund 4.500 engagierte Mitarbeiter:innen in 7 Einrichtungshäusern, 5 Logistikzentren, die eigene Polstermöbelproduktion sowie der SEGMÜLLER Onlineshop tragen zu unserem Erfolg und stetigem Wachstum bei. Über die AusbildungSie arbeiten mit der Netzwerkinfrastruktur und den Schnittstellen zwischen Netzwerkkomponenten und Cyber-Physischen Systemen. Dabei vernetzen und optimieren Sie Systeme und Anwendungen auf IT-Ebene. Unsere Daten werden von Ihnen gegen unerlaubte Zugriffe gesichert, zudem vermeiden und beheben Sie Systemausfälle. Diese Ausbildung bieten wir ab September 2024 für unseren Standort Friedberg bei Augsburg an. Das bringen Sie mit Spaß am Programmieren Begeisterung für IT- und Internet-Themen Freude am Lösen von Problemen Schnelle Auffassungsgabe Technisches Verständnis und Gespür für Logik Unser VersprechenVon Beginn an Verantwortung übernehmen und echte Herausforderungen meistern - das bedeutet eine Ausbildung bei Segmüller.Engagierten Bewerber:innen bieten wir die Möglichkeit, in einem traditionsreichen Familienunternehmen zu starten und sich dabei alle Karrieremöglichkeiten im Unternehmen offen zu halten. Dabei legen wir höchsten Wert auf die bestmögliche Qualifizierung unserer Auszubildenden.Wir bieten Ihnen: Übernahmegarantie (bei guter Leistung) Mitarbeiterrabatte (bei Segmüller und Corporate Benefits) 30 Tage Urlaub Überdurchschnittliche Bezahlung Urlaubs- und Weihnachtsgeld (ab dem 2. Lehrjahr) Verpflegung im Mitarbeiterrestaurant zu ermäßigten Preisen Kostenlose Mitarbeiterparkplätze Interessiert?Wir freuen uns auf Ihre Bewerbung! Hier gibt es (eigentlich) was Cooles zu sehen! Das hier ist ein Platzhalter für Video-Content von YouTube. Neugierig? Dann schalte die Inhalte jetzt frei. Ja, ich erlaube die externen Inhalte von YouTube. Ich bin damit einverstanden, dass mir die externen Inhalte angezeigt werden. Personenbezogene Daten können an Drittplattformen übermittelt werden. Mehr Infos gibt es in der Datenschutzerklärung.
22;Ausbildung Fachinformatiker/in für digitale Vernetzung (m/w/d) bei ConSol Consulting & Solutions Software GmbH in München;https://www.ausbildung.de/stellen/ausbildung-fachinformatiker-in-fuer-digitale-vernetzung-m-w-d-bei-consol-consulting-solutions-software-gmbh-in-muenchen-da906d70-0dc9-4e33-a322-2fc6d9e7b9bb/;Mittlere Reife;-;Ausbildung zum Fachinformatiker – Digitale Vernetzung (m/w/d)Das erwartet Dich bei unsOb Ausbildung oder Duales Studium – Bei uns hast du die Möglichkeit, den Grundstein für Dein erfolgreiches Berufsleben zu legen. Wir freuen uns, Dich in dieser Zeit zu begleiten. Wir sind seit vielen Jahren IHK-Ausbildungsbetrieb und wollen vor allem eins: dass Dir Deine Berufsausbildung Spaß macht und Du bei uns wirklich etwas lernst. Dafür hast Du einen Mentor an Deiner Seite, den Du jederzeit bei allen Fragen ansprechen kannst. Wir achten sehr darauf, dass Du während Deiner Ausbildung unterschiedliche Stationen durchläufst und schon früh Verantwortung übernimmst.Bei entsprechend gutem Erfolg der Ausbildung kann davon ausgegangen werden, dass Du bei ConSol übernommen wirst.Für das Ausbildungsjahr 2024/2025 am Standort München suchen wir Auszubildende in der Fachrichtung Digitale Vernetzung. Schwerpunkte Deiner Ausbildung Grundlagen der professionellen IT Planen und Implementieren komplexer Netzwerkumgebungen Erstellen und Monitoren von Sicherheitskonzepten für IT-Landschaften Aufbau virtueller Netzwerke in Cloud-Umgebungen Dein Profil Mindestens Fachhochschulreife bzw. Mittlere Reife mit entsprechender Zusatzqualifikation (z.B. Berufserfahrung oder Weiterbildung) Gute Noten in den naturwissenschaftlichen Fächern Gute Computerkenntnisse, bevorzugt Unix/Linux Idealerweise Kenntnisse im Netzwerkaufbau Gute Deutsch- und Englischkenntnisse Das sind wirDie Werte Mut, Vertrauen, Exzellenz und Klarheit sind viel mehr als nur Begriffe auf Papier. Sie sind für uns Entscheidungsgrundlage, Handlungsorientierung und die Basis, auf der wir unser Unternehmen kontinuierlich verbessern wollen.Wenn es für Dich passt, sollten wir uns kennenlernen! Sende uns einfach Deine Bewerbung per E-Mail an jobs@consol.de.Für weitere Informationen steht Dir Frau Heike Landau unter +49-89-45841-100 gerne als Ansprechpartnerin zur Verfügung.
